"Experiment","Group","Genotype","Diet","Fish_ID","Fish_Number","Fish_Pair","Stratum","Mean_Feret","Mean_Area","SD_Feret","Count_LDs"
"foxp1a","ed116_con","Mutant","Control","ed116_con_1_CO_cp_masks_merged","1","Mutant_1","1",73.5730357142857,2737.28296428571,21.22056434388,28
"foxp1a","ed116_con","Mutant","Control","ed116_con_1_CO_cp_masks_merged","1","Mutant_1","2",65.1572823529412,2410.65714117647,28.821850880973,85
"foxp1a","ed116_con","Mutant","Control","ed116_con_1_CO_cp_masks_merged","1","Mutant_1","3",67.6523139534884,2500.1351744186,25.8516863590396,86
"foxp1a","ed116_con","Mutant","Control","ed116_con_1_CO_cp_masks_merged","1","Mutant_1","4",77.7221078431373,3218.79971568627,22.6399501192935,102
"foxp1a","ed116_con","Mutant","Control","ed116_con_1_CO_cp_masks_merged","1","Mutant_1","5",62.3921203703704,2370.39556481481,24.0927326587642,108
"foxp1a","ed116_con","Mutant","Control","ed116_con_1_CO_cp_masks_merged","1","Mutant_1","6",68.4591688311688,2546.45131168831,21.7113957946674,77
"foxp1a","ed116_con","Mutant","Control","ed116_con_1_CO_cp_masks_merged","1","Mutant_1","7",49.9402698412698,1449.76514285714,17.2343868277707,63
"foxp1a","ed116_con","Mutant","Control","ed116_con_1_CO_cp_masks_merged","1","Mutant_1","8",43.053,1071.52639583333,15.9648529749146,48
"foxp1a","ed116_con","Mutant","Control","ed116_con_1_CO_cp_masks_merged","1","Mutant_1","9",38.6429444444444,886.44412962963,13.6449580797031,54
"foxp1a","ed116_con","Mutant","Control","ed116_con_1_CO_cp_masks_merged","1","Mutant_1","10",33.2707083333333,730.244104166667,13.0962895004302,48
"foxp1a","ed116_con","Mutant","Control","ed116_con_1_CO_cp_masks_merged","1","Mutant_1","11",34.4495128205128,739.965641025641,10.7729853138394,39
"foxp1a","ed116_con","Mutant","Control","ed116_con_1_CO_cp_masks_merged","1","Mutant_1","12",29.9390588235294,579.129352941176,9.56278786198902,34
"foxp1a","ed116_con","Mutant","Control","ed116_con_1_CO_cp_masks_merged","1","Mutant_1","13",34.0668,708.461,8.41605638221201,15
"foxp1a","ed116_con","Mutant","Control","ed116_con_1_CO_cp_masks_merged","1","Mutant_1","14",27.0638125,497.3611875,12.3807308142869,16
"foxp1a","ed116_con","Mutant","Control","ed116_con_1_CO_cp_masks_merged","1","Mutant_1","15",31.4854,643.5707,7.5038973607053,10
"foxp1a","ed116_con","Mutant","Control","ed116_con_1_CO_cp_masks_merged","1","Mutant_1","16",19.8329285714286,310.598357142857,12.3652246205875,14
"foxp1a","ed116_con","Mutant","Control","ed116_con_2_CO_cp_masks_merged","2","Mutant_2","1",14.8865384615385,157.170230769231,5.59384165273718,13
"foxp1a","ed116_con","Mutant","Control","ed116_con_2_CO_cp_masks_merged","2","Mutant_2","2",19.9766976744186,287.408023255814,11.0940298434937,43
"foxp1a","ed116_con","Mutant","Control","ed116_con_2_CO_cp_masks_merged","2","Mutant_2","3",27.4533448275862,495.471362068966,12.462256950491,58
"foxp1a","ed116_con","Mutant","Control","ed116_con_2_CO_cp_masks_merged","2","Mutant_2","4",24.2904210526316,430.803131578947,12.9138197870963,38
"foxp1a","ed116_con","Mutant","Control","ed116_con_2_CO_cp_masks_merged","2","Mutant_2","5",14.0603076923077,144.337807692308,6.90987048080776,26
"foxp1a","ed116_con","Mutant","Control","ed116_con_2_CO_cp_masks_merged","2","Mutant_2","6",10.928,90.993,8.02849039359206,2
"foxp1a","ed116_con","Mutant","Control","ed116_con_3_CO_cp_masks_merged","3","Mutant_3","1",64.9141428571428,2053.061,11.9264750510307,7
"foxp1a","ed116_con","Mutant","Control","ed116_con_3_CO_cp_masks_merged","3","Mutant_3","2",50.2879857142857,1442.8936,20.4651673483017,70
"foxp1a","ed116_con","Mutant","Control","ed116_con_3_CO_cp_masks_merged","3","Mutant_3","3",60.6062692307692,2066.22642307692,18.821913978351,52
"foxp1a","ed116_con","Mutant","Control","ed116_con_3_CO_cp_masks_merged","3","Mutant_3","4",67.208511627907,2283.04018604651,21.3368997651755,43
"foxp1a","ed116_con","Mutant","Control","ed116_con_3_CO_cp_masks_merged","3","Mutant_3","5",56.6123606557377,1921.12003278689,21.4206149577401,61
"foxp1a","ed116_con","Mutant","Control","ed116_con_3_CO_cp_masks_merged","3","Mutant_3","6",54.4057446808511,1839.34334042553,21.3627190465968,47
"foxp1a","ed116_con","Mutant","Control","ed116_con_3_CO_cp_masks_merged","3","Mutant_3","7",41.789,1096.00242307692,18.8011864248082,52
"foxp1a","ed116_con","Mutant","Control","ed116_con_3_CO_cp_masks_merged","3","Mutant_3","8",37.45625,822.079916666667,13.3108775547885,36
"foxp1a","ed116_con","Mutant","Control","ed116_con_3_CO_cp_masks_merged","3","Mutant_3","9",34.2169259259259,675.454259259259,8.93419906842813,27
"foxp1a","ed116_con","Mutant","Control","ed116_con_3_CO_cp_masks_merged","3","Mutant_3","10",25.1592051282051,402.576384615385,11.3653273141083,39
"foxp1a","ed116_con","Mutant","Control","ed116_con_3_CO_cp_masks_merged","3","Mutant_3","11",39.5097647058824,827.211764705882,9.86566818903699,17
"foxp1a","ed116_con","Mutant","Control","ed116_con_3_CO_cp_masks_merged","3","Mutant_3","12",27.4745925925926,474.268037037037,9.58083998348651,27
"foxp1a","ed116_con","Mutant","Control","ed116_con_3_CO_cp_masks_merged","3","Mutant_3","13",26.4838888888889,439.954,8.08791593812783,18
"foxp1a","ed116_con","Mutant","Control","ed116_con_3_CO_cp_masks_merged","3","Mutant_3","14",26.23475,439.111666666667,9.22825325858287,12
"foxp1a","ed116_con","Mutant","Control","ed116_con_3_CO_cp_masks_merged","3","Mutant_3","15",19.928619047619,298.584,11.7259515540368,21
"foxp1a","ed116_con","Mutant","Control","ed116_con_3_CO_cp_masks_merged","3","Mutant_3","16",23.9736666666667,395.2235,8.21600186627697,6
"foxp1a","ed116_con","Mutant","Control","ed116_con_3_CO_cp_masks_merged","3","Mutant_3","17",21.3593333333333,333.642333333333,11.361713617819,3
"foxp1a","ed116_con","Mutant","Control","ed116_con_3_CO_cp_masks_merged","3","Mutant_3","18",19.6295,286.07725,8.24829491470813,4
"foxp1a","ed116_con","Mutant","Control","ed116_con_3_CO_cp_masks_merged","3","Mutant_3","19",23.775,350.186,NA,1
"foxp1a","ed116_con","Mutant","Control","ed116_con_4_CO_cp_masks_merged","4","Mutant_4","1",42.30375,1090.04839285714,16.5475240726577,28
"foxp1a","ed116_con","Mutant","Control","ed116_con_4_CO_cp_masks_merged","4","Mutant_4","2",37.4947619047619,835.221261904762,16.9701088284444,42
"foxp1a","ed116_con","Mutant","Control","ed116_con_4_CO_cp_masks_merged","4","Mutant_4","3",43.5087777777778,1163.67248888889,21.4210380201004,45
"foxp1a","ed116_con","Mutant","Control","ed116_con_4_CO_cp_masks_merged","4","Mutant_4","4",38.3614736842105,888.526921052632,19.1473423570251,38
"foxp1a","ed116_con","Mutant","Control","ed116_con_4_CO_cp_masks_merged","4","Mutant_4","5",33.0983421052632,744.127710526316,17.6634950327418,38
"foxp1a","ed116_con","Mutant","Control","ed116_con_4_CO_cp_masks_merged","4","Mutant_4","6",26.1850526315789,412.590052631579,13.8842523244209,19
"foxp1a","ed116_con","Mutant","Control","ed116_con_4_CO_cp_masks_merged","4","Mutant_4","7",17.8136,225.0016,7.54582452751189,5
"foxp1a","ed116_con","Mutant","Control","ed116_con_4_CO_cp_masks_merged","4","Mutant_4","8",18.1118,196.3246,2.51106206613855,5
"foxp1a","ed116_con","Mutant","Control","ed116_con_4_CO_cp_masks_merged","4","Mutant_4","9",21.265,292.281,NA,1
"foxp1a","ed116_con","Mutant","Control","ed116_con_4_CO_cp_masks_merged","4","Mutant_4","10",18.90425,247.47425,7.46163281393557,4
"foxp1a","ed116_con","Mutant","Control","ed116_con_5_CO_cp_masks_merged","5","Mutant_5","1",47.6818787878788,1236.38909090909,17.194863703948,33
"foxp1a","ed116_con","Mutant","Control","ed116_con_5_CO_cp_masks_merged","5","Mutant_5","2",52.5875428571429,1426.2706,24.6090498733134,35
"foxp1a","ed116_con","Mutant","Control","ed116_con_5_CO_cp_masks_merged","5","Mutant_5","3",56.7666904761905,1788.22169047619,20.8786471427536,42
"foxp1a","ed116_con","Mutant","Control","ed116_con_5_CO_cp_masks_merged","5","Mutant_5","4",44.1955666666667,1109.10713333333,21.3027102042704,30
"foxp1a","ed116_con","Mutant","Control","ed116_con_5_CO_cp_masks_merged","5","Mutant_5","5",43.3565806451613,1063.72303225806,17.1343855580413,31
"foxp1a","ed116_con","Mutant","Control","ed116_con_5_CO_cp_masks_merged","5","Mutant_5","6",37.5953076923077,961.262461538462,18.4677621789278,13
"foxp1a","ed116_con","Mutant","Control","ed116_con_5_CO_cp_masks_merged","5","Mutant_5","7",28.6484545454545,595.091090909091,13.6310149392012,11
"foxp1a","ed116_con","Mutant","Control","ed116_con_5_CO_cp_masks_merged","5","Mutant_5","8",27.1173333333333,511.339444444444,13.9649906462554,9
"foxp1a","ed116_con","Mutant","Control","ed116_con_5_CO_cp_masks_merged","5","Mutant_5","9",26.938,386.82,5.94166239364035,7
"foxp1a","ed116_con","Mutant","Control","ed116_con_5_CO_cp_masks_merged","5","Mutant_5","10",21.3876363636364,273.230545454545,9.14300872003005,11
"foxp1a","ed116_con","Mutant","Control","ed116_con_5_CO_cp_masks_merged","5","Mutant_5","11",20.6162857142857,252.496714285714,8.91601984658861,7
"foxp1a","ed116_con","Mutant","Control","ed116_con_5_CO_cp_masks_merged","5","Mutant_5","12",22.396,313.2376,4.27137682720689,5
"foxp1a","ed116_con","Mutant","Control","ed116_con_5_CO_cp_masks_merged","5","Mutant_5","13",13.3725,102.71225,4.132759570392,4
"foxp1a","ed116_con","Mutant","Control","ed116_con_5_CO_cp_masks_merged","5","Mutant_5","14",28.5202,505.7021,10.0258954579296,10
"foxp1a","ed116_con","Mutant","Control","ed116_con_5_CO_cp_masks_merged","5","Mutant_5","15",19.271,202.667,1.31521861300698,2
"foxp1a","ed116_hfd","Mutant","HFD","ed116_hfd_1_CO_cp_masks_merged","1","Mutant_1","1",57.8320714285714,1797.019,17.20000335628,14
"foxp1a","ed116_hfd","Mutant","HFD","ed116_hfd_1_CO_cp_masks_merged","1","Mutant_1","2",63.820375,2188.1473125,25.7737540755157,32
"foxp1a","ed116_hfd","Mutant","HFD","ed116_hfd_1_CO_cp_masks_merged","1","Mutant_1","3",69.5784807692308,2653.38759615385,19.5117661852096,52
"foxp1a","ed116_hfd","Mutant","HFD","ed116_hfd_1_CO_cp_masks_merged","1","Mutant_1","4",63.0063636363636,2243.24772727273,25.4870921777799,44
"foxp1a","ed116_hfd","Mutant","HFD","ed116_hfd_1_CO_cp_masks_merged","1","Mutant_1","5",56.4629285714286,1989.3785,25.7219217887577,42
"foxp1a","ed116_hfd","Mutant","HFD","ed116_hfd_1_CO_cp_masks_merged","1","Mutant_1","6",45.3846875,1373.5161875,19.0774577541794,16
"foxp1a","ed116_hfd","Mutant","HFD","ed116_hfd_1_CO_cp_masks_merged","1","Mutant_1","7",28.3066428571429,630.453571428571,20.6361219359391,14
"foxp1a","ed116_hfd","Mutant","HFD","ed116_hfd_1_CO_cp_masks_merged","1","Mutant_1","8",29.562,589.5262,10.7071372924793,5
"foxp1a","ed116_hfd","Mutant","HFD","ed116_hfd_1_CO_cp_masks_merged","1","Mutant_1","9",21.27325,356.39025,12.3944870204458,8
"foxp1a","ed116_hfd","Mutant","HFD","ed116_hfd_1_CO_cp_masks_merged","1","Mutant_1","10",19.6223333333333,250.001666666667,6.95460799278675,3
"foxp1a","ed116_hfd","Mutant","HFD","ed116_hfd_1_CO_cp_masks_merged","1","Mutant_1","11",18.565,223.347,NA,1
"foxp1a","ed116_hfd","Mutant","HFD","ed116_hfd_2_CO_cp_masks_merged","2","Mutant_2","1",27.1642857142857,826.817714285714,29.3073217458042,14
"foxp1a","ed116_hfd","Mutant","HFD","ed116_hfd_2_CO_cp_masks_merged","2","Mutant_2","2",61.2897659574468,2410.23678723404,33.136361915059,47
"foxp1a","ed116_hfd","Mutant","HFD","ed116_hfd_2_CO_cp_masks_merged","2","Mutant_2","3",85.1722619047619,3517.09414285714,24.0144124947149,42
"foxp1a","ed116_hfd","Mutant","HFD","ed116_hfd_2_CO_cp_masks_merged","2","Mutant_2","4",82.4655094339623,3342.55967924528,21.2263795181144,53
"foxp1a","ed116_hfd","Mutant","HFD","ed116_hfd_2_CO_cp_masks_merged","2","Mutant_2","5",59.3806666666667,2123.45639130435,27.4605399520983,69
"foxp1a","ed116_hfd","Mutant","HFD","ed116_hfd_2_CO_cp_masks_merged","2","Mutant_2","6",58.4446578947368,1911.80236842105,18.9336916365486,38
"foxp1a","ed116_hfd","Mutant","HFD","ed116_hfd_2_CO_cp_masks_merged","2","Mutant_2","7",59.2175416666667,2025.23258333333,32.6507893019569,48
"foxp1a","ed116_hfd","Mutant","HFD","ed116_hfd_2_CO_cp_masks_merged","2","Mutant_2","8",51.5770303030303,1579.22239393939,19.3048172979001,33
"foxp1a","ed116_hfd","Mutant","HFD","ed116_hfd_2_CO_cp_masks_merged","2","Mutant_2","9",48.31725,1450.37783333333,22.1032436754939,24
"foxp1a","ed116_hfd","Mutant","HFD","ed116_hfd_2_CO_cp_masks_merged","2","Mutant_2","10",43.8978421052632,1216.43663157895,22.2151566510173,19
"foxp1a","ed116_hfd","Mutant","HFD","ed116_hfd_2_CO_cp_masks_merged","2","Mutant_2","11",33.6275263157895,897.597368421053,23.8876263049592,19
"foxp1a","ed116_hfd","Mutant","HFD","ed116_hfd_2_CO_cp_masks_merged","2","Mutant_2","12",37.1540769230769,1032.10576923077,21.9288384190831,13
"foxp1a","ed116_hfd","Mutant","HFD","ed116_hfd_2_CO_cp_masks_merged","2","Mutant_2","13",41.2005,1085.94516666667,19.5816398572745,6
"foxp1a","ed116_hfd","Mutant","HFD","ed116_hfd_2_CO_cp_masks_merged","2","Mutant_2","14",32.2386,663.9752,6.17798270473461,5
"foxp1a","ed116_hfd","Mutant","HFD","ed116_hfd_3_CO_cp_masks_merged","3","Mutant_3","1",69.73,2970.7931,26.69111784429,10
"foxp1a","ed116_hfd","Mutant","HFD","ed116_hfd_3_CO_cp_masks_merged","3","Mutant_3","2",91.5525238095238,4429.39047619048,28.8026836312505,21
"foxp1a","ed116_hfd","Mutant","HFD","ed116_hfd_3_CO_cp_masks_merged","3","Mutant_3","3",88.6235172413793,3995.52772413793,19.365190070663,29
"foxp1a","ed116_hfd","Mutant","HFD","ed116_hfd_3_CO_cp_masks_merged","3","Mutant_3","4",92.234875,4777.4923125,24.331019027502,16
"foxp1a","ed116_hfd","Mutant","HFD","ed116_hfd_3_CO_cp_masks_merged","3","Mutant_3","5",75.7128,3310.914925,27.8521261538919,40
"foxp1a","ed116_hfd","Mutant","HFD","ed116_hfd_3_CO_cp_masks_merged","3","Mutant_3","6",82.8706428571429,3830.4825,23.7665125742461,28
"foxp1a","ed116_hfd","Mutant","HFD","ed116_hfd_3_CO_cp_masks_merged","3","Mutant_3","7",49.7050588235294,1609.49441176471,24.2134877688825,17
"foxp1a","ed116_hfd","Mutant","HFD","ed116_hfd_3_CO_cp_masks_merged","3","Mutant_3","8",67.1848837209302,2591.60939534884,31.4658862498128,43
"foxp1a","ed116_hfd","Mutant","HFD","ed116_hfd_3_CO_cp_masks_merged","3","Mutant_3","9",59.8513448275862,2270.07810344828,23.5361068274074,29
"foxp1a","ed116_hfd","Mutant","HFD","ed116_hfd_3_CO_cp_masks_merged","3","Mutant_3","10",55.05496875,1795.13559375,21.1999929420018,32
"foxp1a","ed116_hfd","Mutant","HFD","ed116_hfd_3_CO_cp_masks_merged","3","Mutant_3","11",59.4298571428571,2049.35797142857,22.3343397499731,35
"foxp1a","ed116_hfd","Mutant","HFD","ed116_hfd_3_CO_cp_masks_merged","3","Mutant_3","12",56.8813243243243,1863.164,16.1482591099097,37
"foxp1a","ed116_hfd","Mutant","HFD","ed116_hfd_3_CO_cp_masks_merged","3","Mutant_3","13",44.2341111111111,1254.97208888889,19.950776608514,45
"foxp1a","ed116_hfd","Mutant","HFD","ed116_hfd_3_CO_cp_masks_merged","3","Mutant_3","14",59.7068846153846,1782.00492307692,17.7713711554892,26
"foxp1a","ed116_hfd","Mutant","HFD","ed116_hfd_3_CO_cp_masks_merged","3","Mutant_3","15",51.0469166666667,1571.932,25.0267995936659,12
"foxp1a","ed116_hfd","Mutant","HFD","ed116_hfd_3_CO_cp_masks_merged","3","Mutant_3","16",41.8858333333333,1270.38283333333,29.9985309096178,18
"foxp1a","ed116_hfd","Mutant","HFD","ed116_hfd_3_CO_cp_masks_merged","3","Mutant_3","17",47.7058333333333,1419.35741666667,28.0711907667025,12
"foxp1a","ed116_hfd","Mutant","HFD","ed116_hfd_3_CO_cp_masks_merged","3","Mutant_3","18",56.4985,1959.113,6.98833631846665,2
"foxp1a","ed116_hfd","Mutant","HFD","ed116_hfd_4_CO_cp_masks_merged","4","Mutant_4","1",66.2993157894737,2464.22021052632,21.0223933064248,38
"foxp1a","ed116_hfd","Mutant","HFD","ed116_hfd_4_CO_cp_masks_merged","4","Mutant_4","2",67.9580465116279,2448.03369767442,19.379653022784,43
"foxp1a","ed116_hfd","Mutant","HFD","ed116_hfd_4_CO_cp_masks_merged","4","Mutant_4","3",74.5783148148148,3052.71761111111,20.2594049697717,54
"foxp1a","ed116_hfd","Mutant","HFD","ed116_hfd_4_CO_cp_masks_merged","4","Mutant_4","4",77.3149166666667,3006.27116666667,16.8670607129586,60
"foxp1a","ed116_hfd","Mutant","HFD","ed116_hfd_4_CO_cp_masks_merged","4","Mutant_4","5",70.2025789473684,2479.02289473684,24.9880745942146,38
"foxp1a","ed116_hfd","Mutant","HFD","ed116_hfd_4_CO_cp_masks_merged","4","Mutant_4","6",50.1715,1596.863265625,23.2700749543475,64
"foxp1a","ed116_hfd","Mutant","HFD","ed116_hfd_4_CO_cp_masks_merged","4","Mutant_4","7",38.631447368421,1031.32984210526,18.3596099951178,38
"foxp1a","ed116_hfd","Mutant","HFD","ed116_hfd_4_CO_cp_masks_merged","4","Mutant_4","8",49.6017777777778,1325.98977777778,13.2774383897815,9
"foxp1a","ed116_hfd","Mutant","HFD","ed116_hfd_4_CO_cp_masks_merged","4","Mutant_4","9",43.7595384615385,997.320461538461,18.6763690734905,13
"foxp1a","ed116_hfd","Mutant","HFD","ed116_hfd_4_CO_cp_masks_merged","4","Mutant_4","10",33.5504,646.3282,11.4403465113606,5
"foxp1a","ed116_hfd","Mutant","HFD","ed116_hfd_4_CO_cp_masks_merged","4","Mutant_4","11",44.4783333333333,1085.02616666667,7.93659497937665,6
"foxp1a","ed116_hfd","Mutant","HFD","ed116_hfd_4_CO_cp_masks_merged","4","Mutant_4","12",41.251,1002.0292,9.18304206132151,5
"foxp1a","ed116_hfd","Mutant","HFD","ed116_hfd_4_CO_cp_masks_merged","4","Mutant_4","13",42.860375,923.030375,6.40790172783349,8
"foxp1a","ed116_hfd","Mutant","HFD","ed116_hfd_4_CO_cp_masks_merged","4","Mutant_4","14",26.4816666666667,468.753,12.592327994987,3
"foxp1a","ed116_hfd","Mutant","HFD","ed116_hfd_4_CO_cp_masks_merged","4","Mutant_4","15",27.487,479.783,NA,1
"foxp1b","ed125_con","Mutant","Control","ed125_con_1_cp_masks_merged","1","Mutant_1","1",85.508875,3751.74975,17.2364228177882,8
"foxp1b","ed125_con","Mutant","Control","ed125_con_1_cp_masks_merged","1","Mutant_1","2",70.3874054054054,2637.46391891892,23.3400527913564,37
"foxp1b","ed125_con","Mutant","Control","ed125_con_1_cp_masks_merged","1","Mutant_1","3",71.33490625,3037.2455625,34.5672652751679,32
"foxp1b","ed125_con","Mutant","Control","ed125_con_1_cp_masks_merged","1","Mutant_1","4",83.1170769230769,3592.96219230769,26.5756584760161,26
"foxp1b","ed125_con","Mutant","Control","ed125_con_1_cp_masks_merged","1","Mutant_1","5",63.2974193548387,2587.92741935484,37.886485734603,31
"foxp1b","ed125_con","Mutant","Control","ed125_con_1_cp_masks_merged","1","Mutant_1","6",57.3755862068965,2338.82231034483,36.4450106074865,29
"foxp1b","ed125_con","Mutant","Control","ed125_con_1_cp_masks_merged","1","Mutant_1","7",33.1141923076923,1016.51592307692,28.9472513514071,26
"foxp1b","ed125_con","Mutant","Control","ed125_con_1_cp_masks_merged","1","Mutant_1","8",35.42575,876.155083333333,21.9056553060246,12
"foxp1b","ed125_con","Mutant","Control","ed125_con_1_cp_masks_merged","1","Mutant_1","9",65.8302,1926.8518,33.8255465839061,5
"foxp1b","ed125_con","Mutant","Control","ed125_con_1_cp_masks_merged","1","Mutant_1","10",37.984,1031.8088,23.343012306803,10
"foxp1b","ed125_con","Mutant","Control","ed125_con_2_cp_masks_merged","2","Mutant_2","1",41.9985,1043.6655,26.8136904646364,4
"foxp1b","ed125_con","Mutant","Control","ed125_con_2_cp_masks_merged","2","Mutant_2","2",33.9222857142857,778.760785714286,20.8797581382565,14
"foxp1b","ed125_con","Mutant","Control","ed125_con_2_cp_masks_merged","2","Mutant_2","3",29.84535,635.16085,18.3693281408095,20
"foxp1b","ed125_con","Mutant","Control","ed125_con_2_cp_masks_merged","2","Mutant_2","4",14.5560714285714,170.169214285714,8.11198488907982,14
"foxp1b","ed125_con","Mutant","Control","ed125_con_2_cp_masks_merged","2","Mutant_2","5",12.27025,100.64425,6.61321587807324,4
"foxp1b","ed125_con","Mutant","Control","ed125_con_3_cp_masks_merged","3","Mutant_3","1",63.4408235294118,2147.50652941176,16.591220405064,17
"foxp1b","ed125_con","Mutant","Control","ed125_con_3_cp_masks_merged","3","Mutant_3","2",57.4968,1906.93746666667,24.2208119258099,45
"foxp1b","ed125_con","Mutant","Control","ed125_con_3_cp_masks_merged","3","Mutant_3","3",72.8575517241379,2845.8934137931,16.3242203195703,29
"foxp1b","ed125_con","Mutant","Control","ed125_con_3_cp_masks_merged","3","Mutant_3","4",72.3823333333333,2810.27325925926,14.3518344632851,27
"foxp1b","ed125_con","Mutant","Control","ed125_con_3_cp_masks_merged","3","Mutant_3","5",51.1913260869565,1904.56510869565,33.2931801418544,46
"foxp1b","ed125_con","Mutant","Control","ed125_con_3_cp_masks_merged","3","Mutant_3","6",47.3752285714286,1655.76274285714,30.7497180973073,35
"foxp1b","ed125_con","Mutant","Control","ed125_con_3_cp_masks_merged","3","Mutant_3","7",37.1987142857143,1058.43707142857,25.4666767188129,28
"foxp1b","ed125_con","Mutant","Control","ed125_con_3_cp_masks_merged","3","Mutant_3","8",22.4595833333333,480.35725,18.6438777290392,24
"foxp1b","ed125_con","Mutant","Control","ed125_con_3_cp_masks_merged","3","Mutant_3","9",27.3654285714286,614.893857142857,16.8239004975773,7
"foxp1b","ed125_con","Mutant","Control","ed125_con_3_cp_masks_merged","3","Mutant_3","10",21.076625,320.544625,11.1598178164533,8
"foxp1b","ed125_con","Mutant","Control","ed125_con_3_cp_masks_merged","3","Mutant_3","11",17.973625,267.120625,11.9368240444373,8
"foxp1b","ed125_con","Mutant","Control","ed125_con_3_cp_masks_merged","3","Mutant_3","12",18.4626666666667,209.56,6.96041466676615,3
"foxp1b","ed125_con","Mutant","Control","ed125_con_4_cp_masks_merged","4","Mutant_4","1",62.3029,2498.1794,34.7551660666759,10
"foxp1b","ed125_con","Mutant","Control","ed125_con_4_cp_masks_merged","4","Mutant_4","2",80.305,4227.97106666667,38.8624141206605,15
"foxp1b","ed125_con","Mutant","Control","ed125_con_4_cp_masks_merged","4","Mutant_4","3",79.1255925925926,3447.12403703704,30.1160568765098,27
"foxp1b","ed125_con","Mutant","Control","ed125_con_4_cp_masks_merged","4","Mutant_4","4",86.7665555555556,4000.48777777778,30.3227306531163,18
"foxp1b","ed125_con","Mutant","Control","ed125_con_4_cp_masks_merged","4","Mutant_4","5",77.7479166666667,3549.65733333333,34.1243133143253,12
"foxp1b","ed125_con","Mutant","Control","ed125_con_4_cp_masks_merged","4","Mutant_4","6",29.2595454545455,803.899363636364,27.8685346344713,11
"foxp1b","ed125_con","Mutant","Control","ed125_con_4_cp_masks_merged","4","Mutant_4","7",26.9826666666667,596.052,20.0743049261155,6
"foxp1b","ed125_con","Mutant","Control","ed125_con_5_cp_masks_merged","5","Mutant_5","1",68.4837647058824,2497.69276470588,15.514096390579,17
"foxp1b","ed125_con","Mutant","Control","ed125_con_5_cp_masks_merged","5","Mutant_5","2",71.0202777777778,2876.0925,25.182537639744,18
"foxp1b","ed125_con","Mutant","Control","ed125_con_5_cp_masks_merged","5","Mutant_5","3",79.6975185185185,3200.28803703704,19.7866349694208,27
"foxp1b","ed125_con","Mutant","Control","ed125_con_5_cp_masks_merged","5","Mutant_5","4",68.7111935483871,2500.13619354839,25.1343148894353,31
"foxp1b","ed125_con","Mutant","Control","ed125_con_5_cp_masks_merged","5","Mutant_5","5",58.2885,2039.76625,19.7443544908224,28
"foxp1b","ed125_con","Mutant","Control","ed125_con_5_cp_masks_merged","5","Mutant_5","6",46.6169230769231,1419.19815384615,24.1130877583853,13
"foxp1b","ed125_con","Mutant","Control","ed125_con_5_cp_masks_merged","5","Mutant_5","7",39.1723333333333,811.586666666667,13.5142795713768,3
"foxp1b","ed125_con","Mutant","Control","ed125_con_5_cp_masks_merged","5","Mutant_5","8",36.839,623.166,14.7150291878746,5
"foxp1b","ed125_con","Mutant","Control","ed125_con_5_cp_masks_merged","5","Mutant_5","9",24.153,373.164333333333,23.1080114029745,3
"foxp1b","ed125_con","Mutant","Control","ed125_con_5_cp_masks_merged","5","Mutant_5","10",21.4096666666667,395.223333333333,20.3129145208986,3
"foxp1b","ed125_hfd","Mutant","HFD","ed125_hfd_1_cp_masks_merged","1","Mutant_1","1",52.8964615384615,2038.54661538462,30.966785102793,13
"foxp1b","ed125_hfd","Mutant","HFD","ed125_hfd_1_cp_masks_merged","1","Mutant_1","2",74.9591764705882,4268.25017647059,39.1745441633264,17
"foxp1b","ed125_hfd","Mutant","HFD","ed125_hfd_1_cp_masks_merged","1","Mutant_1","3",52.5508214285714,2086.543,26.0799919805906,28
"foxp1b","ed125_hfd","Mutant","HFD","ed125_hfd_1_cp_masks_merged","1","Mutant_1","4",67.3473636363636,2924.69463636364,31.3156512147573,22
"foxp1b","ed125_hfd","Mutant","HFD","ed125_hfd_1_cp_masks_merged","1","Mutant_1","5",45.5536315789474,1864.85463157895,34.9351314855445,19
"foxp1b","ed125_hfd","Mutant","HFD","ed125_hfd_1_cp_masks_merged","1","Mutant_1","6",22.3877777777778,420.958777777778,16.1319957365617,9
"foxp1b","ed125_hfd","Mutant","HFD","ed125_hfd_1_cp_masks_merged","1","Mutant_1","7",16.3755,194.3945,9.46603847974431,2
"foxp1b","ed125_hfd","Mutant","HFD","ed125_hfd_2_cp_masks_merged","2","Mutant_2","1",81.7695714285714,3416.58121428571,25.1782989640936,14
"foxp1b","ed125_hfd","Mutant","HFD","ed125_hfd_2_cp_masks_merged","2","Mutant_2","2",86.0956666666667,3656.69994871795,23.7028869708815,39
"foxp1b","ed125_hfd","Mutant","HFD","ed125_hfd_2_cp_masks_merged","2","Mutant_2","3",81.3829302325581,3341.10165116279,25.1041672156289,43
"foxp1b","ed125_hfd","Mutant","HFD","ed125_hfd_2_cp_masks_merged","2","Mutant_2","4",90.4113333333333,4207.63545833333,23.8938667183364,24
"foxp1b","ed125_hfd","Mutant","HFD","ed125_hfd_2_cp_masks_merged","2","Mutant_2","5",82.3429130434783,3881.54104347826,20.2612038633467,23
"foxp1b","ed125_hfd","Mutant","HFD","ed125_hfd_2_cp_masks_merged","2","Mutant_2","6",45.6637894736842,1687.22163157895,27.7882678053146,19
"foxp1b","ed125_hfd","Mutant","HFD","ed125_hfd_2_cp_masks_merged","2","Mutant_2","7",58.325,1688.0634,25.8917465710601,5
"foxp1b","ed125_hfd","Mutant","HFD","ed125_hfd_2_cp_masks_merged","2","Mutant_2","8",51.81,1094.677,0.131521861300698,2
"foxp1b","ed125_hfd","Mutant","HFD","ed125_hfd_2_cp_masks_merged","2","Mutant_2","9",55.1803333333333,1403.50266666667,5.77864294911299,3
"foxp1b","ed125_hfd","Mutant","HFD","ed125_hfd_2_cp_masks_merged","2","Mutant_2","10",61.057,2236.229,NA,1
"foxp1b","ed125_hfd","Mutant","HFD","ed125_hfd_3_cp_masks_merged","3","Mutant_3","1",82.8547,3727.6917,26.6292475382906,10
"foxp1b","ed125_hfd","Mutant","HFD","ed125_hfd_3_cp_masks_merged","3","Mutant_3","2",83.1278333333333,3754.16241666667,32.8270023418774,24
"foxp1b","ed125_hfd","Mutant","HFD","ed125_hfd_3_cp_masks_merged","3","Mutant_3","3",77.571875,3340.38428125,29.4660334105494,32
"foxp1b","ed125_hfd","Mutant","HFD","ed125_hfd_3_cp_masks_merged","3","Mutant_3","4",68.4453043478261,3012.72917391304,42.109926439817,23
"foxp1b","ed125_hfd","Mutant","HFD","ed125_hfd_3_cp_masks_merged","3","Mutant_3","5",49.8393658536585,1965.13224390244,34.5019238998031,41
"foxp1b","ed125_hfd","Mutant","HFD","ed125_hfd_3_cp_masks_merged","3","Mutant_3","6",39.2926666666667,1123.35353333333,21.7467962687008,15
"foxp1b","ed125_hfd","Mutant","HFD","ed125_hfd_3_cp_masks_merged","3","Mutant_3","7",47.74,1014.713,40.7392500912817,2
"foxp1b","ed125_hfd","Mutant","HFD","ed125_hfd_3_cp_masks_merged","3","Mutant_3","8",16.605,173.714,NA,1
"foxp1b","ed125_hfd","Mutant","HFD","ed125_hfd_4_cp_masks_merged","4","Mutant_4","1",76.3798461538462,2967.56892307692,10.3184169154491,13
"foxp1b","ed125_hfd","Mutant","HFD","ed125_hfd_4_cp_masks_merged","4","Mutant_4","2",77.5941666666667,3117.78395833333,30.8213445699802,24
"foxp1b","ed125_hfd","Mutant","HFD","ed125_hfd_4_cp_masks_merged","4","Mutant_4","3",74.3035172413793,3032.34893103448,31.4830621089916,29
"foxp1b","ed125_hfd","Mutant","HFD","ed125_hfd_4_cp_masks_merged","4","Mutant_4","4",76.1440434782609,2910.70630434783,22.0440841733894,23
"foxp1b","ed125_hfd","Mutant","HFD","ed125_hfd_4_cp_masks_merged","4","Mutant_4","5",63.1995652173913,2418.33547826087,32.8774311535576,23
"foxp1b","ed125_hfd","Mutant","HFD","ed125_hfd_4_cp_masks_merged","4","Mutant_4","6",49.9704,1623.40295,27.4505336107659,20
"foxp1b","ed125_hfd","Mutant","HFD","ed125_hfd_4_cp_masks_merged","4","Mutant_4","7",33.553,921.421833333333,25.5446872910983,6
"foxp1b","ed125_hfd","Mutant","HFD","ed125_hfd_4_cp_masks_merged","4","Mutant_4","8",35.066,776.66,20.0014092753486,3
"foxp1b","ed125_hfd","Mutant","HFD","ed125_hfd_5_cp_masks_merged","5","Mutant_5","1",77.9148333333333,3712.802,28.9836646987,6
"foxp1b","ed125_hfd","Mutant","HFD","ed125_hfd_5_cp_masks_merged","5","Mutant_5","2",73.8021315789474,3278.22544736842,37.1397806672205,38
"foxp1b","ed125_hfd","Mutant","HFD","ed125_hfd_5_cp_masks_merged","5","Mutant_5","3",89.142037037037,4604.50544444444,42.4260197424986,27
"foxp1b","ed125_hfd","Mutant","HFD","ed125_hfd_5_cp_masks_merged","5","Mutant_5","4",109.618142857143,6036.93861904762,22.9061393697972,21
"foxp1b","ed125_hfd","Mutant","HFD","ed125_hfd_5_cp_masks_merged","5","Mutant_5","5",70.7003214285714,3473.30442857143,45.2665424083163,56
"foxp1b","ed125_hfd","Mutant","HFD","ed125_hfd_5_cp_masks_merged","5","Mutant_5","6",75.6284444444444,3437.70802222222,37.3240488678397,45
"foxp1b","ed125_hfd","Mutant","HFD","ed125_hfd_5_cp_masks_merged","5","Mutant_5","7",36.8465333333333,1380.70825,39.7361993343757,60
"foxp1b","ed125_hfd","Mutant","HFD","ed125_hfd_5_cp_masks_merged","5","Mutant_5","8",25.1097727272727,791.992621212121,28.4307708852955,66
"foxp1b","ed125_hfd","Mutant","HFD","ed125_hfd_5_cp_masks_merged","5","Mutant_5","9",21.2193548387097,452.209096774194,18.4358821930647,31
"foxp1b","ed125_hfd","Mutant","HFD","ed125_hfd_5_cp_masks_merged","5","Mutant_5","10",20.7974193548387,495.615483870968,20.6871039938318,31
"foxp1b","ed125_hfd","Mutant","HFD","ed125_hfd_5_cp_masks_merged","5","Mutant_5","11",30.6038333333333,813.731277777778,22.8958777955642,18
"foxp1b","ed125_hfd","Mutant","HFD","ed125_hfd_5_cp_masks_merged","5","Mutant_5","12",22.7318461538462,531.218461538461,22.4204801174146,26
"foxp1b","ed125_hfd","Mutant","HFD","ed125_hfd_5_cp_masks_merged","5","Mutant_5","13",39.9045,1373.8605,29.7363006049284,4
"foxp1a","wted116_con","WT","Control","wted116_con_1_CO_merged","1","WT_1","1",29.0873333333333,550.431444444444,12.1638208538562,18
"foxp1a","wted116_con","WT","Control","wted116_con_1_CO_merged","1","WT_1","2",34.9071714285714,723.021457142857,10.3037125704502,35
"foxp1a","wted116_con","WT","Control","wted116_con_1_CO_merged","1","WT_1","3",37.1881320754717,813.051849056604,13.0903991330666,53
"foxp1a","wted116_con","WT","Control","wted116_con_1_CO_merged","1","WT_1","4",34.0675675675676,724.407702702703,13.8801854145087,37
"foxp1a","wted116_con","WT","Control","wted116_con_1_CO_merged","1","WT_1","5",25.3823103448276,400.791172413793,9.62416686970673,29
"foxp1a","wted116_con","WT","Control","wted116_con_1_CO_merged","1","WT_1","6",18.133380952381,220.470238095238,6.79492402809767,21
"foxp1a","wted116_con","WT","Control","wted116_con_1_CO_merged","1","WT_1","7",16.0545,164.0725,0.424971175493116,2
"foxp1a","wted116_con","WT","Control","wted116_con_1_CO_merged","1","WT_1","8",12.2083333333333,80.8873333333333,2.30427978625282,3
"foxp1a","wted116_con","WT","Control","wted116_con_1_CO_merged","1","WT_1","9",19.1685,194.405,6.10303862842109,2
"foxp1a","wted116_con","WT","Control","wted116_con_1_CO_merged","1","WT_1","10",13.0695,118.5735,6.15597777232288,4
"foxp1a","wted116_con","WT","Control","wted116_con_2_CO_merged","2","WT_2","1",23.7642173913043,342.89147826087,10.9157620437626,23
"foxp1a","wted116_con","WT","Control","wted116_con_2_CO_merged","2","WT_2","2",39.0446857142857,891.624028571429,17.6276993607011,35
"foxp1a","wted116_con","WT","Control","wted116_con_2_CO_merged","2","WT_2","3",44.2347755102041,1135.53502040816,14.4486360086707,49
"foxp1a","wted116_con","WT","Control","wted116_con_2_CO_merged","2","WT_2","4",33.7651304347826,735.418304347826,18.0165758231498,23
"foxp1a","wted116_con","WT","Control","wted116_con_2_CO_merged","2","WT_2","5",37.2784117647059,812.981411764706,15.2685243149871,17
"foxp1a","wted116_con","WT","Control","wted116_con_2_CO_merged","2","WT_2","6",23.8303333333333,351.307933333333,10.2643165917288,15
"foxp1a","wted116_con","WT","Control","wted116_con_2_CO_merged","2","WT_2","7",19.339375,226.116625,7.71093008911932,8
"foxp1a","wted116_con","WT","Control","wted116_con_2_CO_merged","2","WT_2","8",17.9174285714286,214.298571428571,6.28858897414311,7
"foxp1a","wted116_con","WT","Control","wted116_con_2_CO_merged","2","WT_2","9",11.3235,110.301,10.7628723164404,2
"foxp1a","wted116_con","WT","Control","wted116_con_3_CO_merged","3","WT_3","1",47.3035555555556,1256.81577777778,16.0228328418472,9
"foxp1a","wted116_con","WT","Control","wted116_con_3_CO_merged","3","WT_3","2",67.1305,2320.05816666667,19.3500838761023,42
"foxp1a","wted116_con","WT","Control","wted116_con_3_CO_merged","3","WT_3","3",72.5206176470588,2656.13952941176,18.5115493351791,34
"foxp1a","wted116_con","WT","Control","wted116_con_3_CO_merged","3","WT_3","4",62.563,2126.4318372093,23.4017262600942,43
"foxp1a","wted116_con","WT","Control","wted116_con_3_CO_merged","3","WT_3","5",62.2361403508772,2303.49584210526,23.1571129811729,57
"foxp1a","wted116_con","WT","Control","wted116_con_3_CO_merged","3","WT_3","6",54.5534736842105,1789.9200877193,20.2518495152782,57
"foxp1a","wted116_con","WT","Control","wted116_con_3_CO_merged","3","WT_3","7",48.1047333333333,1418.89673333333,18.5129367475337,45
"foxp1a","wted116_con","WT","Control","wted116_con_3_CO_merged","3","WT_3","8",29.2325111111111,627.672622222222,13.8837065453493,45
"foxp1a","wted116_con","WT","Control","wted116_con_3_CO_merged","3","WT_3","9",23.7331,415.374233333333,11.0155419430911,30
"foxp1a","wted116_con","WT","Control","wted116_con_3_CO_merged","3","WT_3","10",22.7021333333333,388.902033333333,9.83314131493798,30
"foxp1a","wted116_con","WT","Control","wted116_con_3_CO_merged","3","WT_3","11",19.9326666666667,288.488952380952,7.25986993226004,21
"foxp1a","wted116_con","WT","Control","wted116_con_3_CO_merged","3","WT_3","12",17.3757272727273,230.294575757576,8.66804505883798,33
"foxp1a","wted116_con","WT","Control","wted116_con_3_CO_merged","3","WT_3","13",20.121,289.163454545455,8.99384080780789,22
"foxp1a","wted116_con","WT","Control","wted116_con_3_CO_merged","3","WT_3","14",19.6448333333333,243.121,5.9083874083092,6
"foxp1a","wted116_con","WT","Control","wted116_con_3_CO_merged","3","WT_3","15",18.74425,233.929583333333,7.22189430104419,12
"foxp1a","wted116_con","WT","Control","wted116_con_3_CO_merged","3","WT_3","16",16.5485,193.5777,5.74925286450335,10
"foxp1a","wted116_con","WT","Control","wted116_con_3_CO_merged","3","WT_3","17",17.962,212.329,NA,1
"foxp1a","wted116_con","WT","Control","wted116_con_4_CO_merged","4","WT_4","1",47.0439230769231,1345.45707692308,16.202871759154,13
"foxp1a","wted116_con","WT","Control","wted116_con_4_CO_merged","4","WT_4","2",47.251511627907,1283.07993023256,14.6070925016258,43
"foxp1a","wted116_con","WT","Control","wted116_con_4_CO_merged","4","WT_4","3",50.8663555555556,1464.91664444444,15.2327307618042,45
"foxp1a","wted116_con","WT","Control","wted116_con_4_CO_merged","4","WT_4","4",48.3229736842105,1402.34342105263,14.2980948522764,38
"foxp1a","wted116_con","WT","Control","wted116_con_4_CO_merged","4","WT_4","5",41.7135428571429,1054.7904,14.1154765445234,35
"foxp1a","wted116_con","WT","Control","wted116_con_4_CO_merged","4","WT_4","6",31.1496129032258,632.628225806452,12.1418243897624,31
"foxp1a","wted116_con","WT","Control","wted116_con_4_CO_merged","4","WT_4","7",20.0397647058824,287.106294117647,8.25307890675816,17
"foxp1a","wted116_con","WT","Control","wted116_con_4_CO_merged","4","WT_4","8",19.384,266.691571428571,7.82316568489594,7
"foxp1a","wted116_con","WT","Control","wted116_con_4_CO_merged","4","WT_4","9",15.4501428571429,168.208857142857,5.95005701453276,7
"foxp1a","wted116_con","WT","Control","wted116_con_4_CO_merged","4","WT_4","10",15.3635714285714,152.057571428571,2.78058721958407,7
"foxp1a","wted116_con","WT","Control","wted116_con_4_CO_merged","4","WT_4","11",16.7755,198.541333333333,6.10855304470707,6
"foxp1a","wted116_con","WT","Control","wted116_con_4_CO_merged","4","WT_4","12",16.3235,161.315,1.43330544546513,2
"foxp1a","wted116_con","WT","Control","wted116_con_4_CO_merged","4","WT_4","13",18.07975,217.15475,5.65962562807824,4
"foxp1a","wted116_con","WT","Control","wted116_con_5_CO_merged","5","WT_5","1",32.3322,655.07616,14.3552009477402,25
"foxp1a","wted116_con","WT","Control","wted116_con_5_CO_merged","5","WT_5","2",32.8473,750.964266666667,16.0372074019052,30
"foxp1a","wted116_con","WT","Control","wted116_con_5_CO_merged","5","WT_5","3",36.918925,957.410575,18.1760032592815,40
"foxp1a","wted116_con","WT","Control","wted116_con_5_CO_merged","5","WT_5","4",39.9542777777778,1006.80072222222,10.0015875551926,18
"foxp1a","wted116_con","WT","Control","wted116_con_5_CO_merged","5","WT_5","5",32.5201333333333,704.086533333333,10.0341574054873,15
"foxp1a","wted116_con","WT","Control","wted116_con_5_CO_merged","5","WT_5","6",25.2229333333333,442.8576,8.43568615607584,15
"foxp1a","wted116_con","WT","Control","wted116_con_5_CO_merged","5","WT_5","7",20.438875,307.807875,10.6149390744164,8
"foxp1a","wted116_con","WT","Control","wted116_con_5_CO_merged","5","WT_5","8",14.0565714285714,115.028,2.66280534131098,7
"foxp1a","wted116_con","WT","Control","wted116_con_5_CO_merged","5","WT_5","9",10.582,67.55925,1.80956016755454,4
"foxp1a","wted116_hfd","WT","HFD","wted116_hfd_1_CO_cp_masks_merged","1","WT_1","1",65.417,2258.288,NA,1
"foxp1a","wted116_hfd","WT","HFD","wted116_hfd_1_CO_cp_masks_merged","1","WT_1","2",27.9493166666667,632.0817,21.5511672785377,60
"foxp1a","wted116_hfd","WT","HFD","wted116_hfd_1_CO_cp_masks_merged","1","WT_1","3",24.1872580645161,490.234096774194,19.3598391843472,62
"foxp1a","wted116_hfd","WT","HFD","wted116_hfd_1_CO_cp_masks_merged","1","WT_1","4",33.53736,870.962026666667,21.4700035112725,75
"foxp1a","wted116_hfd","WT","HFD","wted116_hfd_1_CO_cp_masks_merged","1","WT_1","5",46.92284,1602.47456,26.1339168844499,25
"foxp1a","wted116_hfd","WT","HFD","wted116_hfd_1_CO_cp_masks_merged","1","WT_1","6",52.54565,1632.0887,28.6282044444488,20
"foxp1a","wted116_hfd","WT","HFD","wted116_hfd_1_CO_cp_masks_merged","1","WT_1","7",43.4785555555556,1056.68622222222,10.2333784146673,9
"foxp1a","wted116_hfd","WT","HFD","wted116_hfd_1_CO_cp_masks_merged","1","WT_1","8",33.2526,606.0704,10.9814011765348,5
"foxp1a","wted116_hfd","WT","HFD","wted116_hfd_1_CO_cp_masks_merged","1","WT_1","9",26.343,360.296666666667,10.2089034278908,6
"foxp1a","wted116_hfd","WT","HFD","wted116_hfd_2_CO_cp_masks_merged","2","WT_2","1",75.5022857142857,2785.93071428571,13.2231026873922,14
"foxp1a","wted116_hfd","WT","HFD","wted116_hfd_2_CO_cp_masks_merged","2","WT_2","2",54.9678,1648.66346666667,26.2292267298419,45
"foxp1a","wted116_hfd","WT","HFD","wted116_hfd_2_CO_cp_masks_merged","2","WT_2","3",61.2599107142857,2131.79357142857,23.3959542883938,56
"foxp1a","wted116_hfd","WT","HFD","wted116_hfd_2_CO_cp_masks_merged","2","WT_2","4",68.6345,2511.52754545455,19.9029357417325,44
"foxp1a","wted116_hfd","WT","HFD","wted116_hfd_2_CO_cp_masks_merged","2","WT_2","5",56.2773582089552,1934.39962686567,23.2690881927996,67
"foxp1a","wted116_hfd","WT","HFD","wted116_hfd_2_CO_cp_masks_merged","2","WT_2","6",50.4727704918033,1566.9558852459,20.0355934130516,61
"foxp1a","wted116_hfd","WT","HFD","wted116_hfd_2_CO_cp_masks_merged","2","WT_2","7",52.4414333333333,1537.23513333333,11.0541970986319,30
"foxp1a","wted116_hfd","WT","HFD","wted116_hfd_2_CO_cp_masks_merged","2","WT_2","8",42.7105925925926,1070.37107407407,12.3300627213429,27
"foxp1a","wted116_hfd","WT","HFD","wted116_hfd_2_CO_cp_masks_merged","2","WT_2","9",36.0213333333333,851.108916666667,4.77956794040734,12
"foxp1a","wted116_hfd","WT","HFD","wted116_hfd_2_CO_cp_masks_merged","2","WT_2","10",33.8138333333333,695.547083333333,5.08297212328187,12
"foxp1a","wted116_hfd","WT","HFD","wted116_hfd_2_CO_cp_masks_merged","2","WT_2","11",37.777,887.3224,13.4962173774728,5
"foxp1a","wted116_hfd","WT","HFD","wted116_hfd_2_CO_cp_masks_merged","2","WT_2","12",38.3395,843.7555,2.23799296245542,2
"foxp1a","wted116_hfd","WT","HFD","wted116_hfd_3_CO_cp_masks_merged","3","WT_3","1",69.1970833333333,2517.48083333333,21.4865224541861,12
"foxp1a","wted116_hfd","WT","HFD","wted116_hfd_3_CO_cp_masks_merged","3","WT_3","2",61.0057619047619,2242.00638095238,26.1519841329578,21
"foxp1a","wted116_hfd","WT","HFD","wted116_hfd_3_CO_cp_masks_merged","3","WT_3","3",74.2643125,2943.4949375,18.6629181852548,32
"foxp1a","wted116_hfd","WT","HFD","wted116_hfd_3_CO_cp_masks_merged","3","WT_3","4",74.4255102040816,2999.17708163265,16.7178963652758,49
"foxp1a","wted116_hfd","WT","HFD","wted116_hfd_3_CO_cp_masks_merged","3","WT_3","5",67.8291851851852,2656.3707962963,28.1972825233374,54
"foxp1a","wted116_hfd","WT","HFD","wted116_hfd_3_CO_cp_masks_merged","3","WT_3","6",61.405696969697,2204.64457575758,23.6627121470744,33
"foxp1a","wted116_hfd","WT","HFD","wted116_hfd_3_CO_cp_masks_merged","3","WT_3","7",52.0849393939394,1609.97127272727,15.3711304417961,33
"foxp1a","wted116_hfd","WT","HFD","wted116_hfd_3_CO_cp_masks_merged","3","WT_3","8",42.2252608695652,1131.84143478261,14.1692788012318,23
"foxp1a","wted116_hfd","WT","HFD","wted116_hfd_3_CO_cp_masks_merged","3","WT_3","9",35.6668333333333,720.133833333333,6.34803912219905,12
"foxp1a","wted116_hfd","WT","HFD","wted116_hfd_3_CO_cp_masks_merged","3","WT_3","10",34.8066363636364,786.352454545455,8.56363788670127,11
"foxp1a","wted116_hfd","WT","HFD","wted116_hfd_3_CO_cp_masks_merged","3","WT_3","11",27.2549166666667,505.977833333333,11.2085642942296,12
"foxp1a","wted116_hfd","WT","HFD","wted116_hfd_3_CO_cp_masks_merged","3","WT_3","12",37.3518333333333,808.829333333333,6.26329441800932,6
"foxp1a","wted116_hfd","WT","HFD","wted116_hfd_3_CO_cp_masks_merged","3","WT_3","13",28.9197142857143,589.683714285714,7.72297528405311,7
"foxp1a","wted116_hfd","WT","HFD","wted116_hfd_3_CO_cp_masks_merged","3","WT_3","14",19.365,226.105,NA,1
"foxp1a","wted116_hfd","WT","HFD","wted116_hfd_4_CO_cp_masks_merged","4","WT_4","1",54.1704,1471.8854,19.1674872844617,5
"foxp1a","wted116_hfd","WT","HFD","wted116_hfd_4_CO_cp_masks_merged","4","WT_4","2",70.300775,2612.74825,24.5388324827149,40
"foxp1a","wted116_hfd","WT","HFD","wted116_hfd_4_CO_cp_masks_merged","4","WT_4","3",71.6790392156863,2700.22447058824,26.5005046155433,51
"foxp1a","wted116_hfd","WT","HFD","wted116_hfd_4_CO_cp_masks_merged","4","WT_4","4",76.3239285714286,3006.12673809524,18.6990604138451,42
"foxp1a","wted116_hfd","WT","HFD","wted116_hfd_4_CO_cp_masks_merged","4","WT_4","5",78.5243559322034,3330.48523728814,19.2435022009336,59
"foxp1a","wted116_hfd","WT","HFD","wted116_hfd_4_CO_cp_masks_merged","4","WT_4","6",71.587829787234,2769.10593617021,21.3530757089293,47
"foxp1a","wted116_hfd","WT","HFD","wted116_hfd_4_CO_cp_masks_merged","4","WT_4","7",67.7627291666667,2617.37827083333,13.1057967469321,48
"foxp1a","wted116_hfd","WT","HFD","wted116_hfd_4_CO_cp_masks_merged","4","WT_4","8",57.7307727272727,2029.23806818182,15.2153156985851,44
"foxp1a","wted116_hfd","WT","HFD","wted116_hfd_4_CO_cp_masks_merged","4","WT_4","9",42.3651666666667,1153.04122222222,12.1794121912155,18
"foxp1a","wted116_hfd","WT","HFD","wted116_hfd_4_CO_cp_masks_merged","4","WT_4","10",38.25425,915.79225,9.52357756533002,8
"foxp1a","wted116_hfd","WT","HFD","wted116_hfd_4_CO_cp_masks_merged","4","WT_4","11",38.47185,911.03575,6.93603277533536,20
"foxp1a","wted116_hfd","WT","HFD","wted116_hfd_4_CO_cp_masks_merged","4","WT_4","12",28.4412222222222,546.878888888889,8.78139787815382,9
"foxp1a","wted116_hfd","WT","HFD","wted116_hfd_4_CO_cp_masks_merged","4","WT_4","13",27.9506428571429,506.174642857143,6.68048492720681,14
"foxp1a","wted116_hfd","WT","HFD","wted116_hfd_4_CO_cp_masks_merged","4","WT_4","14",36.9007,897.5249,10.6140123531741,10
"foxp1a","wted116_hfd","WT","HFD","wted116_hfd_4_CO_cp_masks_merged","4","WT_4","15",30.317,610.758,8.68185705940843,2
"foxp1a","wted116_hfd","WT","HFD","wted116_hfd_5_CO_cp_masks_merged","5","WT_5","1",84.9893888888889,3577.38422222222,16.5048175004216,18
"foxp1a","wted116_hfd","WT","HFD","wted116_hfd_5_CO_cp_masks_merged","5","WT_5","2",78.4519791666667,3114.9116875,24.9287738221548,48
"foxp1a","wted116_hfd","WT","HFD","wted116_hfd_5_CO_cp_masks_merged","5","WT_5","3",91.6271034482759,4122.55689655172,17.5934424519576,29
"foxp1a","wted116_hfd","WT","HFD","wted116_hfd_5_CO_cp_masks_merged","5","WT_5","4",85.2082708333333,3813.15877083333,23.8183648872842,48
"foxp1a","wted116_hfd","WT","HFD","wted116_hfd_5_CO_cp_masks_merged","5","WT_5","5",77.74755,3390.051425,20.3814779224944,40
"foxp1a","wted116_hfd","WT","HFD","wted116_hfd_5_CO_cp_masks_merged","5","WT_5","6",79.12248,3289.87616,23.4340895351907,25
"foxp1a","wted116_hfd","WT","HFD","wted116_hfd_5_CO_cp_masks_merged","5","WT_5","7",52.2991666666667,1511.26991666667,11.768575721605,12
"foxp1a","wted116_hfd","WT","HFD","wted116_hfd_5_CO_cp_masks_merged","5","WT_5","8",46.9333333333333,1116.04641666667,13.1396275534135,12
"foxp1a","wted116_hfd","WT","HFD","wted116_hfd_5_CO_cp_masks_merged","5","WT_5","9",38.951380952381,881.046142857143,8.7704007233204,21
"foxp1a","wted116_hfd","WT","HFD","wted116_hfd_5_CO_cp_masks_merged","5","WT_5","10",35.3122777777778,803.008,9.3145627272918,18
"foxp1a","wted116_hfd","WT","HFD","wted116_hfd_5_CO_cp_masks_merged","5","WT_5","11",32.8926470588235,725.999882352941,9.39885741686973,17
"foxp1a","wted116_hfd","WT","HFD","wted116_hfd_5_CO_cp_masks_merged","5","WT_5","12",28.881,586.7295,11.0140545528115,14
"foxp1a","wted116_hfd","WT","HFD","wted116_hfd_5_CO_cp_masks_merged","5","WT_5","13",30.534,621.09825,8.4943073878922,4
"foxp1b","wted125_con","WT","Control","wted125_con_1_cp_masks_merged","1","WT_1","1",69.5474444444445,2390.64188888889,21.3882167730745,18
"foxp1b","wted125_con","WT","Control","wted125_con_1_cp_masks_merged","1","WT_1","2",53.24609375,1795.04940625,26.3912215700348,32
"foxp1b","wted125_con","WT","Control","wted125_con_1_cp_masks_merged","1","WT_1","3",53.101085106383,1872.3145106383,23.4363784121941,47
"foxp1b","wted125_con","WT","Control","wted125_con_1_cp_masks_merged","1","WT_1","4",62.2279736842105,2089.43521052632,15.2793287536282,38
"foxp1b","wted125_con","WT","Control","wted125_con_1_cp_masks_merged","1","WT_1","5",49.4955135135135,1698.914,25.4042512678288,37
"foxp1b","wted125_con","WT","Control","wted125_con_1_cp_masks_merged","1","WT_1","6",41.0236363636364,1112.03577272727,19.6165789019947,44
"foxp1b","wted125_con","WT","Control","wted125_con_1_cp_masks_merged","1","WT_1","7",17.7662272727273,285.889363636364,12.0523714290352,44
"foxp1b","wted125_con","WT","Control","wted125_con_1_cp_masks_merged","1","WT_1","8",13.127,163.763956521739,9.67367009417362,23
"foxp1b","wted125_con","WT","Control","wted125_con_1_cp_masks_merged","1","WT_1","9",13.1333181818182,131.225909090909,6.73811660407639,22
"foxp1b","wted125_con","WT","Control","wted125_con_1_cp_masks_merged","1","WT_1","10",15.0133333333333,181.0675,7.86933501098737,12
"foxp1b","wted125_con","WT","Control","wted125_con_1_cp_masks_merged","1","WT_1","11",17.9122307692308,294.190307692308,11.5576589047685,13
"foxp1b","wted125_con","WT","Control","wted125_con_1_cp_masks_merged","1","WT_1","12",13.7746,166.5454,9.01684605613293,5
"foxp1b","wted125_con","WT","Control","wted125_con_1_cp_masks_merged","1","WT_1","13",29.69,645.225,9.31498411163433,3
"foxp1b","wted125_con","WT","Control","wted125_con_1_cp_masks_merged","1","WT_1","14",10.5506666666667,75.3681666666667,3.91301876645981,6
"foxp1b","wted125_con","WT","Control","wted125_con_2_cp_masks_merged","2","WT_2","1",39.7323666666667,885.208566666667,10.9854426573607,30
"foxp1b","wted125_con","WT","Control","wted125_con_2_cp_masks_merged","2","WT_2","2",35.7740588235294,796.718411764706,17.9416642651259,34
"foxp1b","wted125_con","WT","Control","wted125_con_2_cp_masks_merged","2","WT_2","3",31.3810833333333,718.295555555556,19.125302342148,36
"foxp1b","wted125_con","WT","Control","wted125_con_2_cp_masks_merged","2","WT_2","4",27.0460571428571,534.378828571429,15.5979787056696,35
"foxp1b","wted125_con","WT","Control","wted125_con_2_cp_masks_merged","2","WT_2","5",17.4272941176471,258.057588235294,10.5065783545638,17
"foxp1b","wted125_con","WT","Control","wted125_con_2_cp_masks_merged","2","WT_2","6",32.7306,597.7982,33.3495224748421,5
"foxp1b","wted125_con","WT","Control","wted125_con_3_cp_masks_merged","3","WT_3","1",33.5652962962963,786.668185185185,20.4674097733912,27
"foxp1b","wted125_con","WT","Control","wted125_con_3_cp_masks_merged","3","WT_3","2",39.6739333333333,1169.5855,26.5644836017922,30
"foxp1b","wted125_con","WT","Control","wted125_con_3_cp_masks_merged","3","WT_3","3",27.7557608695652,670.221369565217,21.6705443906237,46
"foxp1b","wted125_con","WT","Control","wted125_con_3_cp_masks_merged","3","WT_3","4",22.1659210526316,415.782763157895,16.089720951306,38
"foxp1b","wted125_con","WT","Control","wted125_con_3_cp_masks_merged","3","WT_3","5",26.9847941176471,569.397382352941,16.0555042535299,34
"foxp1b","wted125_con","WT","Control","wted125_con_3_cp_masks_merged","3","WT_3","6",15.7194285714286,191.046428571429,8.83065276668233,7
"foxp1b","wted125_con","WT","Control","wted125_con_3_cp_masks_merged","3","WT_3","7",14.2161428571429,162.291,8.83729263648416,7
"foxp1b","wted125_con","WT","Control","wted125_con_3_cp_masks_merged","3","WT_3","8",13.44,119.94575,3.450904519108,4
"foxp1b","wted125_con","WT","Control","wted125_con_3_cp_masks_merged","3","WT_3","9",14.5265,139.2475,1.61008214076177,2
"foxp1b","wted125_con","WT","Control","wted125_con_4_cp_masks_merged","4","WT_4","1",51.7868421052632,1739.75684210526,25.012727931691,19
"foxp1b","wted125_con","WT","Control","wted125_con_4_cp_masks_merged","4","WT_4","2",50.6814651162791,1723.22953488372,30.9521558141016,43
"foxp1b","wted125_con","WT","Control","wted125_con_4_cp_masks_merged","4","WT_4","3",62.0781290322581,2594.06477419355,36.0129982337322,31
"foxp1b","wted125_con","WT","Control","wted125_con_4_cp_masks_merged","4","WT_4","4",54.4092820512821,2072.12994871795,31.9395643281336,39
"foxp1b","wted125_con","WT","Control","wted125_con_4_cp_masks_merged","4","WT_4","5",51.5468709677419,2104.85348387097,36.7593443999771,31
"foxp1b","wted125_con","WT","Control","wted125_con_4_cp_masks_merged","4","WT_4","6",31.1328918918919,880.645135135135,25.7812980437627,37
"foxp1b","wted125_con","WT","Control","wted125_con_4_cp_masks_merged","4","WT_4","7",21.1247666666667,385.0211,16.7016878698621,30
"foxp1b","wted125_con","WT","Control","wted125_con_4_cp_masks_merged","4","WT_4","8",13.633,122.01375,4.43291424084277,4
"foxp1b","wted125_con","WT","Control","wted125_con_4_cp_masks_merged","4","WT_4","9",13.3602,150.5528,10.656817627958,10
"foxp1b","wted125_con","WT","Control","wted125_con_4_cp_masks_merged","4","WT_4","10",23.7276666666667,412.227333333333,14.8505101550979,6
"foxp1b","wted125_con","WT","Control","wted125_con_4_cp_masks_merged","4","WT_4","11",27.34925,463.92825,10.5865572740465,4
"foxp1b","wted125_con","WT","Control","wted125_con_4_cp_masks_merged","4","WT_4","12",30.074,534.93,NA,1
"foxp1b","wted125_hfd","WT","HFD","wted125_hfd_1_cp_masks_merged","1","WT_1","1",76.6802222222222,3150.75755555556,24.0734204714337,9
"foxp1b","wted125_hfd","WT","HFD","wted125_hfd_1_cp_masks_merged","1","WT_1","2",75.6329756097561,3278.38126829268,36.7143096935567,41
"foxp1b","wted125_hfd","WT","HFD","wted125_hfd_1_cp_masks_merged","1","WT_1","3",62.5009523809524,3096.52923809524,45.8185946319445,42
"foxp1b","wted125_hfd","WT","HFD","wted125_hfd_1_cp_masks_merged","1","WT_1","4",67.9643555555556,3298.43022222222,41.3370509647413,45
"foxp1b","wted125_hfd","WT","HFD","wted125_hfd_1_cp_masks_merged","1","WT_1","5",62.7522826086957,2952.72626086957,41.5551721416042,46
"foxp1b","wted125_hfd","WT","HFD","wted125_hfd_1_cp_masks_merged","1","WT_1","6",59.7250217391304,2738.07080434783,39.208767979448,46
"foxp1b","wted125_hfd","WT","HFD","wted125_hfd_1_cp_masks_merged","1","WT_1","7",40.2728484848485,1407.55507575758,30.0279144352474,66
"foxp1b","wted125_hfd","WT","HFD","wted125_hfd_1_cp_masks_merged","1","WT_1","8",22.3358490566038,567.498490566038,23.2493876374248,53
"foxp1b","wted125_hfd","WT","HFD","wted125_hfd_1_cp_masks_merged","1","WT_1","9",33.0441428571429,1031.25731428571,27.838587651319,35
"foxp1b","wted125_hfd","WT","HFD","wted125_hfd_1_cp_masks_merged","1","WT_1","10",29.8375142857143,809.4858,27.3632003045002,35
"foxp1b","wted125_hfd","WT","HFD","wted125_hfd_1_cp_masks_merged","1","WT_1","11",29.6747777777778,819.7055,25.7045097269069,18
"foxp1b","wted125_hfd","WT","HFD","wted125_hfd_1_cp_masks_merged","1","WT_1","12",55.3808,1838.0646,26.0767795020781,5
"foxp1b","wted125_hfd","WT","HFD","wted125_hfd_1_cp_masks_merged","1","WT_1","13",27.1537272727273,580.050909090909,16.5022257474009,11
"foxp1b","wted125_hfd","WT","HFD","wted125_hfd_1_cp_masks_merged","1","WT_1","14",30.4456,775.3732,20.5420491382919,5
"foxp1b","wted125_hfd","WT","HFD","wted125_hfd_2_cp_masks_merged","2","WT_2","1",47.5925,1630.48440909091,34.5613156919285,22
"foxp1b","wted125_hfd","WT","HFD","wted125_hfd_2_cp_masks_merged","2","WT_2","2",59.7014827586207,2354.03531034483,33.5479794863381,29
"foxp1b","wted125_hfd","WT","HFD","wted125_hfd_2_cp_masks_merged","2","WT_2","3",81.3084545454546,4123.8593030303,37.3001789976359,33
"foxp1b","wted125_hfd","WT","HFD","wted125_hfd_2_cp_masks_merged","2","WT_2","4",82.373,4072.9147,53.6186275320532,20
"foxp1b","wted125_hfd","WT","HFD","wted125_hfd_2_cp_masks_merged","2","WT_2","5",68.6323571428571,3141.04092857143,35.8720149347374,14
"foxp1b","wted125_hfd","WT","HFD","wted125_hfd_2_cp_masks_merged","2","WT_2","6",50.295875,1414.187375,21.0097358481899,8
"foxp1b","wted125_hfd","WT","HFD","wted125_hfd_2_cp_masks_merged","2","WT_2","7",29.231,505.518333333333,12.7189982309929,3
"foxp1b","wted125_hfd","WT","HFD","wted125_hfd_2_cp_masks_merged","2","WT_2","8",19.22825,267.465125,10.2804286146055,8
"foxp1b","wted125_hfd","WT","HFD","wted125_hfd_2_cp_masks_merged","2","WT_2","10",25.401,383.275,NA,1
"foxp1b","wted125_hfd","WT","HFD","wted125_hfd_3_cp_masks_merged","3","WT_3","1",75.9461666666667,2710.72683333333,14.0423158270949,12
"foxp1b","wted125_hfd","WT","HFD","wted125_hfd_3_cp_masks_merged","3","WT_3","2",53.4305471698113,1653.17481132075,21.0101994037017,53
"foxp1b","wted125_hfd","WT","HFD","wted125_hfd_3_cp_masks_merged","3","WT_3","3",62.4367428571429,2275.93522857143,19.1360223114032,35
"foxp1b","wted125_hfd","WT","HFD","wted125_hfd_3_cp_masks_merged","3","WT_3","4",57.4547948717949,2145.94269230769,33.8044848824434,39
"foxp1b","wted125_hfd","WT","HFD","wted125_hfd_3_cp_masks_merged","3","WT_3","5",40.0548,1381.84467272727,29.7346092005782,55
"foxp1b","wted125_hfd","WT","HFD","wted125_hfd_3_cp_masks_merged","3","WT_3","6",29.9173829787234,853.201446808511,25.2944322371143,47
"foxp1b","wted125_hfd","WT","HFD","wted125_hfd_3_cp_masks_merged","3","WT_3","7",26.0979268292683,621.417634146341,20.4951854265706,41
"foxp1b","wted125_hfd","WT","HFD","wted125_hfd_3_cp_masks_merged","3","WT_3","8",17.134,218.9354,10.2710663475935,25
"foxp1b","wted125_hfd","WT","HFD","wted125_hfd_3_cp_masks_merged","3","WT_3","9",16.0302727272727,198.280181818182,9.30695440533746,22
"foxp1b","wted125_hfd","WT","HFD","wted125_hfd_3_cp_masks_merged","3","WT_3","10",29.045375,601.451875,15.8450733482277,8
"foxp1b","wted125_hfd","WT","HFD","wted125_hfd_3_cp_masks_merged","3","WT_3","11",19.5534666666667,309.193333333333,15.6282922331203,15
"foxp1b","wted125_hfd","WT","HFD","wted125_hfd_3_cp_masks_merged","3","WT_3","12",22.4237,381.0688,9.78386136053768,10
"foxp1b","wted125_hfd","WT","HFD","wted125_hfd_3_cp_masks_merged","3","WT_3","13",21.4901666666667,320.314833333333,13.3476245439654,6
"foxp1b","wted125_hfd","WT","HFD","wted125_hfd_4_cp_masks_merged","4","WT_4","1",88.3136666666667,4654.44466666667,29.2718146060905,3
"foxp1b","wted125_hfd","WT","HFD","wted125_hfd_4_cp_masks_merged","4","WT_4","2",80.6951071428571,3646.13257142857,28.9632160869474,28
"foxp1b","wted125_hfd","WT","HFD","wted125_hfd_4_cp_masks_merged","4","WT_4","3",83.4181935483871,3767.54909677419,38.0381371392969,31
"foxp1b","wted125_hfd","WT","HFD","wted125_hfd_4_cp_masks_merged","4","WT_4","4",93.2201666666667,4741.07205555556,35.6535422592002,36
"foxp1b","wted125_hfd","WT","HFD","wted125_hfd_4_cp_masks_merged","4","WT_4","5",93.7081627906977,4584.29186046512,32.0619795202758,43
"foxp1b","wted125_hfd","WT","HFD","wted125_hfd_4_cp_masks_merged","4","WT_4","6",82.2239210526316,3330.10765789474,26.4884761393099,38
"foxp1b","wted125_hfd","WT","HFD","wted125_hfd_4_cp_masks_merged","4","WT_4","7",68.0820967741935,3126.94922580645,33.1980007025456,62
"foxp1b","wted125_hfd","WT","HFD","wted125_hfd_4_cp_masks_merged","4","WT_4","8",69.2062222222222,3006.14859259259,30.4389141437662,54
"foxp1b","wted125_hfd","WT","HFD","wted125_hfd_4_cp_masks_merged","4","WT_4","9",76.92625,3098.0801875,25.8943653641657,32
"foxp1b","wted125_hfd","WT","HFD","wted125_hfd_4_cp_masks_merged","4","WT_4","10",38.3275744680851,1294.14627659574,30.4100427681845,47
"foxp1b","wted125_hfd","WT","HFD","wted125_hfd_4_cp_masks_merged","4","WT_4","11",43.184,1413.84275,29.0588269999906,40
"foxp1b","wted125_hfd","WT","HFD","wted125_hfd_4_cp_masks_merged","4","WT_4","12",47.3092424242424,1642.22412121212,32.2121969398145,33
"foxp1b","wted125_hfd","WT","HFD","wted125_hfd_4_cp_masks_merged","4","WT_4","13",32.0427272727273,994.78475,29.0365348414426,44
"foxp1b","wted125_hfd","WT","HFD","wted125_hfd_4_cp_masks_merged","4","WT_4","14",38.7393055555556,1169.58547222222,25.0334873157873,36
"foxp1b","wted125_hfd","WT","HFD","wted125_hfd_4_cp_masks_merged","4","WT_4","15",24.1902325581395,588.410465116279,23.7705142930092,43
"foxp1b","wted125_hfd","WT","HFD","wted125_hfd_4_cp_masks_merged","4","WT_4","16",21.84452,618.42336,26.8685474364234,25
"foxp1b","wted125_hfd","WT","HFD","wted125_hfd_4_cp_masks_merged","4","WT_4","17",18.94,376.51915,16.8527622068313,20
"foxp1b","wted125_hfd","WT","HFD","wted125_hfd_4_cp_masks_merged","4","WT_4","18",30.6255,687.9645,17.8122475615041,14
"foxp1b","wted125_hfd","WT","HFD","wted125_hfd_4_cp_masks_merged","4","WT_4","19",13.15875,112.363,5.65686947436477,4
